ID,Name,Image,Score,Address,Note
1,Phuc,http://example.com/image1.jpg,9,455 Oak St,x
2,Hau,http://example.com/image2.jpg,7.5,456 Oak St,x
3,Truong,http://example.com/image1.jpg,10,457 Oak St,x
4,Quynh,http://example.com/image2.jpg,4.5,458 Oak St,x
5,Toan,http://example.com/image1.jpg,8.5,459 Oak St,x
6,Loan,http://example.com/image2.jpg,9.5,460 Oak St,x
7,Anh,http://example.com/image1.jpg,3.5,461 Oak St,x
8,Thy,http://example.com/image2.jpg,7,462 Oak St,x
9,Tien,http://example.com/image1.jpg,5,463 Oak St,x
10,Dung,http://example.com/image2.jpg,7.5,464 Oak St,x
11,Mai,http://example.com/image1.jpg,8,465 Oak St,x
12,Ly,http://example.com/image2.jpg,9.5,466 Oak St,x
13,Dao,http://example.com/image1.jpg,9,467 Oak St,x
14,Manh,http://example.com/image2.jpg,7.5,468 Oak St,x
15,Cuong,http://example.com/image1.jpg,10,469 Oak St,x
16,Binh,http://example.com/image2.jpg,4.5,470 Oak St,x
17,Nhung,http://example.com/image1.jpg,8.5,471 Oak St,x
18,Huong,http://example.com/image2.jpg,9.5,472 Oak St,x
19,Thien,http://example.com/image1.jpg,3.5,473 Oak St,x
20,Tri,http://example.com/image2.jpg,7,474 Oak St,x
